-- mock data for testing.
-- Includes cover-image mappings and extra Kanye releases/tracks used by the app UI.


INSERT IGNORE INTO artists
  (id, name, birth_date, birth_location, current_location, work_location, notes, followers)
VALUES
  (1, 'Kanye West', '1977-06-08', 'Atlanta, GA, United States', 'Beverly Hills, CA, United States', 'Chicago, IL, United States', 'Producer and rapper. Son of Donda West. Founder of GOOD Music, Konman Productions, and YZY.', 135830);

INSERT IGNORE INTO artist_aliases (artist_id, alias_name) VALUES
  (1, 'Ye'),
  (1, 'Kanye Omari West'),
  (1, 'Donda'),
  (1, 'Yeezy');

INSERT IGNORE INTO artist_memberships (artist_id, group_name) VALUES
  (1, 'Artists for Haiti'),
  (1, 'Child Rebel Soldier'),
  (1, 'The Go Getters'),
  (1, 'The Hitmen'),
  (1, 'KIDS SEE GHOSTS'),
  (1, 'Sunday Service'),
  (1, 'The Throne'),
  (1, 'YS');

INSERT IGNORE INTO music_genres (id, name) VALUES
  (1, 'Pop Rap'),
  (2, 'Hip Hop'),
  (3, 'Experimental Hip Hop'),
  (4, 'Christian Hip Hop'),
  (5, 'Chipmunk Soul'),
  (6, 'Conscious Hip Hop');

INSERT IGNORE INTO artist_genres (artist_id, genre_id) VALUES
  (1, 1),
  (1, 2),
  (1, 3),
  (1, 4),
  (1, 5),
  (1, 6);

INSERT IGNORE INTO albums
  (id, artist_id, title, release_year, release_type, collaborators, cover_image, average_rating, ratings_count, reviews_count, issues_count, is_primary_discography)
VALUES
  (1, 1, 'The College Dropout', 2004, 'album', NULL, 'the-college-dropout-1.webp', 4.15, 74938, 535, 11, 1),
  (2, 1, 'Late Registration', 2005, 'album', NULL, 'late-registration-1.webp', 4.06, 64735, 386, 11, 1),
  (3, 1, 'Graduation', 2007, 'album', NULL, 'graduation-1.webp', 3.80, 69109, 447, 18, 1),
  (4, 1, '808s and Heartbreak', 2008, 'album', NULL, '808s-heartbreak-1.webp', 3.60, 57107, 379, 12, 1),
  (5, 1, 'My Beautiful Dark Twisted Fantasy', 2010, 'album', NULL, 'my-beautiful-dark-twisted-fantasy-1.webp', 4.08, 95060, 945, 19, 1),
  (6, 1, 'Watch the Throne', 2011, 'album', 'Jay-Z and Kanye West', 'watch-the-throne-1.webp', 3.11, 35104, 201, 9, 1),
  (7, 1, 'Yeezus', 2013, 'album', NULL, 'yeezus-1.webp', 3.86, 75274, 590, 12, 1),
  (8, 1, 'The Life of Pablo', 2016, 'album', NULL, 'the-life-of-pablo-1.webp', 3.83, 66208, 429, 8, 1),
  (9, 1, 'Ye', 2018, 'album', NULL, 'ye-1.webp', 3.41, 56609, 384, 4, 1),
  (10, 1, 'Jesus Is King', 2019, 'album', NULL, 'jesus-is-king.webp', 2.37, 42667, 349, 4, 1),
  (11, 1, 'Donda', 2021, 'album', NULL, 'donda-v3-1.webp', 3.23, 44308, 431, 9, 1),
  (12, 1, 'Donda 2', 2022, 'album', NULL, 'donda-2-2025.webp', 1.73, 10422, 120, 6, 1),
  (13, 1, 'Vultures', 2024, 'album', 'Kanye West and Ty Dolla Sign', 'vultures-1.webp', 2.18, 25570, 450, 10, 1),
  (14, 1, 'Vultures 2', 2024, 'album', 'YS', 'vultures-2.webp', 1.38, 15477, 305, 12, 1),
  (15, 1, 'Bully', 2026, 'album', NULL, 'bully.webp', 2.74, 8449, 286, 6, 1),
  (58, 1, 'Yandhi', 2019, 'bootleg', NULL, 'yandhi-v1.webp', 3.56, 3230, 27, 17, 0),
  (59, 1, 'Cruel Summer', 2012, 'album', 'GOOD Music', 'cruel-summer-1.webp', 3.05, 24110, 168, 7, 0),
  (60, 1, 'KIDS SEE GHOSTS', 2018, 'album', 'Kanye West and Kid Cudi', 'kids-see-ghosts.webp', 3.92, 65400, 548, 6, 0);

INSERT IGNORE INTO album_tracks
  (id, album_id, title, track_order, popularity_score, listeners_k, has_lyrics)
VALUES
  (1, 1, 'Intro', 1, 3.1, 1200, 0),
  (2, 1, 'We Don''t Care', 2, 4.2, 7600, 1),
  (3, 1, 'Graduation Day', 3, 3.0, 1000, 0),
  (4, 1, 'All Falls Down', 4, 4.5, 9800, 1),
  (5, 1, 'I''ll Fly Away', 5, 3.0, 900, 0),
  (6, 1, 'Spaceship', 6, 4.2, 7200, 1),
  (7, 1, 'Jesus Walks', 7, 4.6, 10100, 1),
  (8, 1, 'Never Let Me Down', 8, 4.1, 6800, 1),
  (9, 1, 'Get Em High', 9, 3.9, 6100, 1),
  (10, 1, 'Workout Plan', 10, 3.0, 800, 0),
  (11, 1, 'The New Workout Plan', 11, 3.6, 4200, 1),
  (12, 1, 'Slow Jamz', 12, 4.1, 6500, 1),
  (13, 1, 'Breathe In Breathe Out', 13, 3.6, 3600, 1),
  (14, 1, 'School Spirit Skit 1', 14, 2.8, 700, 0),
  (15, 1, 'School Spirit', 15, 3.8, 3900, 1),
  (16, 1, 'School Spirit Skit 2', 16, 2.8, 650, 0),
  (17, 1, 'Lil Jimmy Skit', 17, 2.8, 650, 0),
  (18, 1, 'Two Words', 18, 4.1, 5600, 1),
  (19, 1, 'Through the Wire', 19, 4.5, 9300, 1),
  (20, 1, 'Family Business', 20, 4.4, 8100, 1),
  (21, 1, 'Last Call', 21, 4.3, 7400, 1),

  (22, 2, 'Wake Up Mr. West', 1, 3.0, 1000, 0),
  (23, 2, 'Heard ''Em Say', 2, 4.2, 7600, 1),
  (24, 2, 'Touch the Sky', 3, 4.4, 8700, 1),
  (25, 2, 'Gold Digger', 4, 4.7, 12400, 1),
  (26, 2, 'Skit #1 [unlisted]', 5, 2.9, 700, 0),
  (27, 2, 'Drive Slow', 6, 3.9, 5400, 1),
  (28, 2, 'My Way Home', 7, 3.5, 3200, 1),
  (29, 2, 'Crack Music', 8, 3.9, 5000, 1),
  (30, 2, 'Roses', 9, 4.3, 8100, 1),
  (31, 2, 'Bring Me Down', 10, 3.8, 4300, 1),
  (32, 2, 'Addiction', 11, 3.7, 4100, 1),
  (33, 2, 'Skit #2 [unlisted]', 12, 2.9, 650, 0),
  (34, 2, 'Diamonds From Sierra Leone (Remix)', 13, 4.3, 8200, 1),
  (35, 2, 'We Major', 14, 4.4, 8400, 1),
  (36, 2, 'Skit #3 [unlisted]', 15, 2.8, 600, 0),
  (37, 2, 'Hey Mama', 16, 4.5, 9000, 1),
  (38, 2, 'Celebration', 17, 3.6, 3400, 1),
  (39, 2, 'Skit #4 [unlisted]', 18, 2.8, 600, 0),
  (40, 2, 'Gone', 19, 4.1, 6100, 1),
  (41, 2, 'Diamonds From Sierra Leone [bonus track]', 20, 4.0, 5300, 1),
  (42, 2, 'Late [unlisted]', 21, 3.7, 3600, 1),

  (43, 3, 'Good Morning', 1, 4.2, 7800, 1),
  (44, 3, 'Champion', 2, 3.8, 4300, 1),
  (45, 3, 'Stronger', 3, 4.7, 13200, 1),
  (46, 3, 'I Wonder', 4, 4.4, 9400, 1),
  (47, 3, 'Good Life', 5, 4.1, 6900, 1),
  (48, 3, 'Can''t Tell Me Nothing', 6, 4.4, 9800, 1),
  (49, 3, 'Barry Bonds', 7, 3.4, 2600, 1),
  (50, 3, 'Drunk and Hot Girls', 8, 3.1, 1800, 1),
  (51, 3, 'Flashing Lights', 9, 4.6, 11800, 1),
  (52, 3, 'Everything I Am', 10, 4.0, 5400, 1),
  (53, 3, 'The Glory', 11, 3.9, 4800, 1),
  (54, 3, 'Homecoming', 12, 4.2, 7600, 1),
  (55, 3, 'Big Brother', 13, 3.8, 3900, 1),

  (56, 4, 'Say You Will', 1, 4.0, 5100, 1),
  (57, 4, 'Welcome to Heartbreak', 2, 4.1, 5400, 1),
  (58, 4, 'Heartless', 3, 4.3, 11200, 1),
  (59, 4, 'Amazing', 4, 3.8, 4100, 1),
  (60, 4, 'Love Lockdown', 5, 4.2, 8900, 1),
  (61, 4, 'Paranoid', 6, 4.3, 7200, 1),
  (62, 4, 'RoboCop', 7, 3.7, 3500, 1),
  (63, 4, 'Street Lights', 8, 4.2, 7700, 1),
  (64, 4, 'Bad News', 9, 3.6, 3000, 1),
  (65, 4, 'See You in My Nightmares', 10, 3.3, 2300, 1),
  (66, 4, 'Coldest Winter', 11, 4.0, 5200, 1),
  (67, 4, 'Pinocchio Story (Freestyle Live From Singapore) [unlisted]', 12, 3.4, 2500, 0),

  (68, 5, 'Dark Fantasy', 1, 4.4, 11000, 1),
  (69, 5, 'Gorgeous', 2, 4.2, 10400, 1),
  (70, 5, 'Power', 3, 4.6, 12200, 1),
  (71, 5, 'All of the Lights (Interlude)', 4, 3.3, 1800, 0),
  (72, 5, 'All of the Lights', 5, 4.5, 11600, 1),
  (73, 5, 'Monster', 6, 4.2, 9800, 1),
  (74, 5, 'So Appalled', 7, 3.9, 8300, 1),
  (75, 5, 'Devil in a New Dress', 8, 4.5, 11200, 1),
  (76, 5, 'Runaway', 9, 4.7, 13800, 1),
  (77, 5, 'Hell of a Life', 10, 3.9, 7200, 1),
  (78, 5, 'Blame Game', 11, 3.7, 6800, 1),
  (79, 5, 'Lost in the World', 12, 4.2, 9100, 1),
  (80, 5, 'Who Will Survive in America', 13, 3.8, 6000, 1),

  (81, 6, 'No Church in the Wild', 1, 4.1, 7600, 1),
  (82, 6, 'Lift Off', 2, 3.7, 4300, 1),
  (83, 6, 'Niggas in Paris', 3, 4.6, 13200, 1),
  (84, 6, 'Otis', 4, 4.3, 8600, 1),
  (85, 6, 'Gotta Have It', 5, 3.9, 5200, 1),
  (86, 6, 'New Day', 6, 4.0, 5900, 1),
  (87, 6, 'That''s My Bitch', 7, 3.6, 3100, 1),
  (88, 6, 'Welcome to the Jungle', 8, 3.8, 3900, 1),
  (89, 6, 'Who Gon Stop Me', 9, 3.9, 4600, 1),
  (90, 6, 'Murder to Excellence', 10, 4.1, 6100, 1),
  (91, 6, 'Made in America', 11, 4.0, 5400, 1),
  (92, 6, 'Why I Love You', 12, 3.8, 4100, 1),

  (93, 7, 'On Sight', 1, 4.3, 8000, 1),
  (94, 7, 'Black Skinhead', 2, 4.4, 9200, 1),
  (95, 7, 'I Am a God', 3, 4.0, 6500, 1),
  (96, 7, 'New Slaves', 4, 4.4, 8700, 1),
  (97, 7, 'Hold My Liquor', 5, 4.2, 7600, 1),
  (98, 7, 'I''m in It', 6, 3.7, 4200, 1),
  (99, 7, 'Blood on the Leaves', 7, 4.5, 9800, 1),
  (100, 7, 'Guilt Trip', 8, 3.8, 3900, 1),
  (101, 7, 'Send It Up', 9, 3.5, 2600, 1),
  (102, 7, 'Bound 2', 10, 4.4, 9300, 1),

  (103, 8, 'Ultralight Beam', 1, 4.5, 9800, 1),
  (104, 8, 'Father Stretch My Hands, Pt. 1', 2, 4.6, 12100, 1),
  (105, 8, 'Pt. 2', 3, 3.9, 5200, 1),
  (106, 8, 'Famous', 4, 4.1, 7600, 1),
  (107, 8, 'Feedback', 5, 3.7, 4100, 1),
  (108, 8, 'Low Lights', 6, 3.1, 1400, 0),
  (109, 8, 'Highlights', 7, 3.9, 4700, 1),
  (110, 8, 'Freestyle 4', 8, 3.6, 3600, 1),
  (111, 8, 'I Love Kanye', 9, 3.2, 1500, 1),
  (112, 8, 'Waves', 10, 4.0, 6000, 1),
  (113, 8, 'FML', 11, 4.2, 6800, 1),
  (114, 8, 'Real Friends', 12, 4.2, 7000, 1),
  (115, 8, 'Wolves', 13, 4.1, 6600, 1),
  (116, 8, 'Siiiiiiiiilver Surffffeeeeer Intermission', 14, 2.9, 900, 0),
  (117, 8, '30 Hours', 15, 4.0, 6200, 1),
  (118, 8, 'No More Parties in LA', 16, 4.4, 8900, 1),
  (119, 8, 'Facts (Charlie Heat Version)', 17, 3.6, 3200, 1),
  (120, 8, 'Fade', 18, 4.0, 5900, 1),

  (121, 9, 'I Thought About Killing You', 1, 3.7, 3800, 1),
  (122, 9, 'Yikes', 2, 4.0, 6400, 1),
  (123, 9, 'All Mine', 3, 3.7, 3900, 1),
  (124, 9, 'Wouldn''t Leave', 4, 3.8, 4300, 1),
  (125, 9, 'No Mistakes', 5, 3.8, 4100, 1),
  (126, 9, 'Ghost Town', 6, 4.4, 9000, 1),
  (127, 9, 'Violent Crimes', 7, 4.1, 6200, 1),

  (128, 10, 'Every Hour', 1, 3.4, 2300, 1),
  (129, 10, 'Selah', 2, 3.9, 4900, 1),
  (130, 10, 'Follow God', 3, 4.1, 6800, 1),
  (131, 10, 'Closed on Sunday', 4, 3.5, 2700, 1),
  (132, 10, 'On God', 5, 3.7, 3600, 1),
  (133, 10, 'Everything We Need', 6, 3.6, 2900, 1),
  (134, 10, 'Water', 7, 3.4, 2500, 1),
  (135, 10, 'God Is', 8, 3.8, 3700, 1),
  (136, 10, 'Hands On', 9, 3.7, 3300, 1),
  (137, 10, 'Use This Gospel', 10, 4.0, 5400, 1),
  (138, 10, 'Jesus Is Lord', 11, 3.3, 2000, 1),

  (139, 11, 'Donda Chant', 1, 2.9, 900, 0),
  (140, 11, 'Jail', 2, 4.2, 7600, 1),
  (141, 11, 'God Breathed', 3, 3.7, 3900, 1),
  (142, 11, 'Off the Grid', 4, 4.5, 10100, 1),
  (143, 11, 'Hurricane', 5, 4.4, 9800, 1),
  (144, 11, 'Praise God', 6, 4.1, 6900, 1),
  (145, 11, 'Jonah', 7, 3.5, 2800, 1),
  (146, 11, 'OK OK', 8, 3.4, 2500, 1),
  (147, 11, 'Junya', 9, 3.6, 3000, 1),
  (148, 11, 'Believe What I Say', 10, 4.2, 7200, 1),
  (149, 11, '24', 11, 4.0, 5200, 1),
  (150, 11, 'Remote Control', 12, 3.7, 3300, 1),
  (151, 11, 'Moon', 13, 4.4, 8100, 1),
  (152, 11, 'Heaven and Hell', 14, 4.0, 5100, 1),
  (153, 11, 'Donda', 15, 3.5, 2600, 1),
  (154, 11, 'Keep My Spirit Alive', 16, 3.9, 4100, 1),
  (155, 11, 'Jesus Lord', 17, 4.2, 6200, 1),
  (156, 11, 'New Again', 18, 3.6, 3000, 1),
  (157, 11, 'Tell the Vision', 19, 2.8, 800, 1),
  (158, 11, 'Lord I Need You', 20, 3.9, 3900, 1),
  (159, 11, 'Pure Souls', 21, 4.1, 5500, 1),
  (160, 11, 'Come to Life', 22, 4.5, 8600, 1),
  (161, 11, 'No Child Left Behind', 23, 4.1, 5800, 1),
  (162, 11, 'Jail Pt 2', 24, 3.9, 4300, 1),
  (163, 11, 'OK OK Pt 2', 25, 3.5, 2500, 1),
  (164, 11, 'Junya Pt 2', 26, 3.6, 2800, 1),
  (165, 11, 'Jesus Lord Pt 2', 27, 4.0, 4700, 1),

  (166, 12, 'True Love', 1, 3.9, 4600, 1),
  (167, 12, 'Broken Road', 2, 3.4, 2200, 1),
  (168, 12, 'Get Lost', 3, 3.3, 2000, 1),
  (169, 12, 'Too Easy', 4, 3.7, 3100, 1),
  (170, 12, 'Flowers', 5, 3.8, 3400, 1),
  (171, 12, 'Security', 6, 3.5, 2500, 1),
  (172, 12, 'We Did It Kid', 7, 3.6, 2800, 1),
  (173, 12, 'Pablo', 8, 3.5, 2600, 1),
  (174, 12, 'Louie Bags', 9, 3.4, 2100, 1),
  (175, 12, 'Happy', 10, 3.8, 3500, 1),
  (176, 12, 'Sci Fi', 11, 3.3, 2000, 1),
  (177, 12, 'Selfish', 12, 3.4, 2100, 1),
  (178, 12, 'Lord Lift Me Up', 13, 3.2, 1800, 1),
  (179, 12, 'Keep It Burning', 14, 3.6, 3000, 1),
  (180, 12, 'City of Gods', 15, 3.7, 3300, 1),
  (181, 12, 'First Time in a Long Time', 16, 3.5, 2600, 1),

  (182, 13, 'Stars', 1, 3.6, 2900, 1),
  (183, 13, 'Keys to My Life', 2, 3.4, 2300, 1),
  (184, 13, 'Paid', 3, 3.5, 2500, 1),
  (185, 13, 'Talking', 4, 3.3, 2000, 1),
  (186, 13, 'Back to Me', 5, 3.8, 3600, 1),
  (187, 13, 'Hoodrat', 6, 3.1, 1600, 1),
  (188, 13, 'Do It', 7, 3.7, 3100, 1),
  (189, 13, 'Paperwork', 8, 3.4, 2200, 1),
  (190, 13, 'Burn', 9, 4.0, 4300, 1),
  (191, 13, 'Fuk Sumn', 10, 3.8, 3500, 1),
  (192, 13, 'Vultures', 11, 3.5, 2600, 1),
  (193, 13, 'Carnival', 12, 4.2, 7000, 1),
  (194, 13, 'Good (Don''t Die)', 13, 3.6, 2700, 1),
  (195, 13, 'Problematic', 14, 3.4, 2200, 1),
  (196, 13, 'King', 15, 3.5, 2400, 1),

  (197, 14, 'Slide', 1, 3.5, 2500, 1),
  (198, 14, 'Time Moving Slow', 2, 3.2, 1700, 1),
  (199, 14, 'Field Trip', 3, 3.3, 1800, 1),
  (200, 14, 'Fried', 4, 3.4, 2000, 1),
  (201, 14, 'Isabella', 5, 2.8, 600, 0),
  (202, 14, 'Promotion', 6, 3.3, 1700, 1),
  (203, 14, 'Husband', 7, 3.1, 1500, 1),
  (204, 14, 'Lifestyle', 8, 3.6, 2400, 1),
  (205, 14, 'Maybe', 9, 3.0, 1200, 1),
  (206, 14, 'Bomb', 10, 3.1, 1400, 1),
  (207, 14, 'River', 11, 3.5, 2200, 1),
  (208, 14, '530', 12, 3.4, 2100, 1),
  (209, 14, 'Dead', 13, 3.2, 1600, 1),
  (210, 14, 'Forever Rolling', 14, 3.3, 1700, 1),
  (211, 14, 'Sky City', 15, 3.4, 1800, 1),
  (212, 14, 'My Soul', 16, 3.3, 1700, 1),

  (213, 15, 'King', 1, 3.5, 1000, 1),
  (214, 15, 'This a Must', 2, 2.8, 967, 1),
  (215, 15, 'Father', 3, 3.4, 1000, 1),
  (216, 15, 'All the Love', 4, 3.9, 1000, 1),
  (217, 15, 'Punch Drunk', 5, 3.4, 983, 1),
  (218, 15, 'Whatever Works', 6, 3.3, 959, 1),
  (219, 15, 'Mama''s Favorite', 7, 3.3, 942, 1),
  (220, 15, 'Sisters and Brothers', 8, 3.2, 933, 1),
  (221, 15, 'Bully', 9, 3.4, 946, 1),
  (222, 15, 'Highs and Lows', 10, 3.1, 913, 1),
  (223, 15, 'I Can''t Wait', 11, 3.2, 899, 1),
  (224, 15, 'White Lines', 12, 3.0, 909, 1),
  (225, 15, 'Circles', 13, 2.3, 891, 1),
  (226, 15, 'Preacher Man', 14, 3.3, 940, 1),
  (227, 15, 'Beauty and the Beast', 15, 3.3, 928, 1),
  (228, 15, 'Damn', 16, 2.8, 904, 1),
  (229, 15, 'Last Breath', 17, 2.5, 899, 1),
  (230, 15, 'This One Here', 18, 3.0, 887, 1),

  (231, 58, 'Chakras', 1, 4.0, 4300, 1),
  (232, 58, 'The Storm', 2, 4.1, 4600, 1),
  (233, 58, 'New Body', 3, 3.9, 3900, 1),
  (234, 58, 'Hurricane', 4, 4.2, 5200, 1),
  (235, 58, 'Alien', 5, 3.8, 3400, 1),
  (236, 58, 'Last Name', 6, 4.0, 4100, 1),
  (237, 58, 'Sky City', 7, 3.7, 3000, 1),
  (238, 58, 'We Got Love', 8, 3.9, 3600, 1),
  (239, 58, 'City in the Sky', 9, 3.8, 3200, 1),
  (240, 58, 'Cash to Burn', 10, 3.7, 2900, 1),
  (241, 58, 'Spread Your Wings', 11, 3.6, 2600, 1),
  (242, 58, 'Garden', 12, 3.6, 2500, 1),
  (243, 58, 'Law of Attraction', 13, 4.1, 4700, 1),
  (244, 58, 'The Garden', 14, 3.5, 2200, 1),
  (245, 58, 'End of It', 15, 3.4, 2000, 1),

  (246, 59, 'To the World', 1, 3.6, 2600, 1),
  (247, 59, 'Clique', 2, 4.1, 6500, 1),
  (248, 59, 'Mercy', 3, 4.2, 7800, 1),
  (249, 59, 'New God Flow', 4, 3.8, 3400, 1),
  (250, 59, 'The Morning', 5, 3.7, 3100, 1),
  (251, 59, 'Cold', 6, 3.9, 4200, 1),
  (252, 59, 'Higher', 7, 3.5, 2200, 1),
  (253, 59, 'Sin City', 8, 3.4, 1900, 1),
  (254, 59, 'The One', 9, 3.3, 1800, 1),
  (255, 59, 'Creepers', 10, 3.2, 1600, 1),
  (256, 59, 'Bliss', 11, 3.1, 1500, 1),
  (257, 59, 'Don''t Like', 12, 4.0, 4700, 1),

  (258, 60, 'Feel the Love', 1, 4.4, 9700, 1),
  (259, 60, 'Fire', 2, 4.0, 6200, 1),
  (260, 60, '4th Dimension', 3, 4.3, 8800, 1),
  (261, 60, 'Freeee (Ghost Town Pt. 2)', 4, 3.9, 5200, 1),
  (262, 60, 'Reborn', 5, 4.6, 12500, 1),
  (263, 60, 'Kids See Ghosts', 6, 4.1, 6800, 1),
  (264, 60, 'Cudi Montage', 7, 4.3, 7900, 1);
