-- Optional local development seed data for the music catalog.
-- Requires schema from 001_initial.sql.

INSERT IGNORE INTO artists
  (id, name, birth_date, birth_location, current_location, work_location, notes, followers)
VALUES
  (1, 'Kanye West', '1977-06-08', 'Atlanta, GA, United States', 'Beverly Hills, CA, United States', 'Chicago, IL, United States', 'Producer and rapper. Son of Donda West. Founder of GOOD Music, Konman Productions, and YZY.', 135830),
  (2, 'Mike Dean', NULL, 'Angleton, TX, United States', NULL, 'Houston, TX, United States', 'Producer and engineer.', 12000),
  (3, 'Pusha T', NULL, 'The Bronx, NY, United States', NULL, 'Virginia Beach, VA, United States', 'Rapper and songwriter.', 9800),
  (4, 'Travis Scott', NULL, 'Houston, TX, United States', NULL, 'Los Angeles, CA, United States', 'Rapper and producer.', 22000),
  (5, 'Malik Yusef', NULL, 'Chicago, IL, United States', NULL, 'Chicago, IL, United States', 'Poet and songwriter.', 2400),
  (6, 'Jay-Z', NULL, 'Brooklyn, NY, United States', NULL, 'New York, NY, United States', 'Rapper and entrepreneur.', 31000),
  (7, 'Ty Dolla Sign', NULL, 'Los Angeles, CA, United States', NULL, 'Los Angeles, CA, United States', 'Singer and songwriter.', 14500),
  (8, 'Kid Cudi', NULL, 'Cleveland, OH, United States', NULL, 'Los Angeles, CA, United States', 'Rapper and singer.', 18400),
  (9, 'Andre 3000', NULL, 'Atlanta, GA, United States', NULL, 'Atlanta, GA, United States', 'Rapper and musician.', 12000),
  (10, 'Rihanna', NULL, 'Saint Michael, Barbados', NULL, 'Los Angeles, CA, United States', 'Singer and entrepreneur.', 55000);

INSERT IGNORE INTO artist_aliases (artist_id, alias_name) VALUES
  (1, 'Ye'),
  (1, 'Kanye Omari West'),
  (1, 'Donda'),
  (1, 'Yeezy');

INSERT IGNORE INTO artist_memberships (artist_id, group_name) VALUES
  (1, 'Artists for Haiti'),
  (1, 'Child Rebel Soldier'),
  (1, 'The Go Getters'),
  (1, 'The Hitmen'),
  (1, 'KIDS SEE GHOSTS'),
  (1, 'Sunday Service'),
  (1, 'The Throne'),
  (1, 'YS');

INSERT IGNORE INTO music_genres (id, name) VALUES
  (1, 'Pop Rap'),
  (2, 'Hip Hop'),
  (3, 'Experimental Hip Hop'),
  (4, 'Christian Hip Hop'),
  (5, 'Chipmunk Soul'),
  (6, 'Conscious Hip Hop'),
  (7, 'Art Pop'),
  (8, 'Trap'),
  (9, 'Alternative RnB'),
  (10, 'Soul');

INSERT IGNORE INTO artist_genres (artist_id, genre_id) VALUES
  (1, 1),
  (1, 2),
  (1, 3),
  (1, 4),
  (1, 5),
  (1, 6),
  (4, 8),
  (10, 7),
  (10, 9);

INSERT IGNORE INTO artist_related (artist_id, related_artist_id) VALUES
  (1, 2),
  (1, 3),
  (1, 4),
  (1, 5);

INSERT IGNORE INTO albums
  (id, artist_id, title, release_year, release_type, collaborators, average_rating, ratings_count, reviews_count, issues_count, is_primary_discography)
VALUES
  (1, 1, 'The College Dropout', 2004, 'album', NULL, 4.15, 74938, 535, 11, 1),
  (2, 1, 'Late Registration', 2005, 'album', NULL, 4.06, 64735, 386, 11, 1),
  (3, 1, 'Graduation', 2007, 'album', NULL, 3.80, 69109, 447, 18, 1),
  (4, 1, '808s and Heartbreak', 2008, 'album', NULL, 3.60, 57107, 379, 12, 1),
  (5, 1, 'My Beautiful Dark Twisted Fantasy', 2010, 'album', NULL, 4.08, 95060, 945, 19, 1),
  (6, 1, 'Watch the Throne', 2011, 'album', 'Jay-Z and Kanye West', 3.11, 35104, 201, 9, 1),
  (7, 1, 'Yeezus', 2013, 'album', NULL, 3.86, 75274, 590, 12, 1),
  (8, 1, 'The Life of Pablo', 2016, 'album', NULL, 3.83, 66208, 429, 8, 1),
  (9, 1, 'Ye', 2018, 'album', NULL, 3.41, 56609, 384, 4, 1),
  (10, 1, 'Jesus Is King', 2019, 'album', NULL, 2.37, 42667, 349, 4, 1),
  (11, 1, 'Donda', 2021, 'album', NULL, 3.23, 44308, 431, 9, 1),
  (12, 1, 'Donda 2', 2022, 'album', NULL, 1.73, 10422, 120, 6, 1),
  (13, 1, 'Vultures', 2024, 'album', 'Kanye West and Ty Dolla Sign', 2.18, 25570, 450, 10, 1),
  (14, 1, 'Vultures 2', 2024, 'album', 'YS', 1.38, 15477, 305, 12, 1),
  (15, 1, 'Bully', 2026, 'album', NULL, 2.74, 8449, 286, 6, 1),
  (16, 1, 'Late Orchestration', 2006, 'live_album', NULL, 3.85, 2880, 30, 3, 1),
  (17, 1, 'Akademiks (Jeanius Level Musik)', 2002, 'mixtape', NULL, 3.23, 46, 1, 0, 1),
  (18, 1, 'Get Well Soon...', 2002, 'mixtape', NULL, 2.99, 310, 1, 0, 1),
  (19, 1, 'Akademiks (Jeanius Level Musik Vol 2)', 2003, 'mixtape', NULL, 3.30, 29, 1, 0, 1),
  (20, 1, 'I''m Good...', 2003, 'mixtape', NULL, 3.11, 227, 0, 0, 1),
  (21, 1, 'Kon the Louis Vuitton Don', 2003, 'mixtape', NULL, 3.08, 144, 0, 0, 1),
  (22, 1, 'Can''t Tell Me Nothing', 2007, 'mixtape', NULL, 3.03, 310, 5, 0, 1),
  (23, 1, 'GOOD Music: Remixed and Unreleased', 2013, 'mixtape', 'J Period and Kanye West', 2.55, 50, 0, 0, 1),
  (24, 1, 'Love Lockdown: Essential 5', 2008, 'ep', NULL, 3.67, 105, 0, 0, 1),
  (25, 1, 'Glow in the Dark', 2009, 'ep', NULL, 3.15, 74, 0, 0, 1),
  (26, 1, 'Dear Donda', 2021, 'ep', NULL, 1.73, 465, 3, 0, 1),
  (27, 1, 'Never Stop', 2025, 'ep', 'King Combs and Ye', 1.32, 1180, 19, 0, 1),
  (28, 1, 'Through the Wire / Two Words', 2003, 'single', NULL, 4.24, 2597, 11, 8, 1),
  (29, 1, 'Stronger', 2007, 'single', NULL, 3.61, 2622, 15, 6, 1),
  (30, 1, 'Flashing Lights', 2007, 'single', NULL, 4.20, 3114, 11, 4, 1),
  (31, 1, 'Power', 2010, 'single', NULL, 4.20, 3585, 17, 2, 1),
  (32, 1, 'Monster', 2010, 'single', NULL, 3.89, 2712, 7, 0, 1),
  (33, 1, 'Devil in a New Dress', 2010, 'single', NULL, 4.25, 2882, 11, 0, 1),
  (34, 1, 'Runaway', 2010, 'single', NULL, 4.30, 5362, 29, 1, 1),
  (35, 1, 'All of the Lights', 2011, 'single', NULL, 4.05, 3315, 16, 1, 1),
  (36, 1, 'Black Skinhead', 2013, 'single', NULL, 4.04, 2737, 10, 0, 1),
  (37, 1, 'No More Parties in L.A.', 2016, 'single', NULL, 4.23, 2583, 5, 1, 1),
  (38, 1, 'Wash Us in the Blood', 2020, 'single', NULL, 3.25, 2522, 12, 1, 1),
  (39, 1, 'Life of the Party', 2021, 'single', 'Kanye West and Andre 3000', 4.16, 2926, 13, 1, 1),
  (40, 1, 'Runaway', 2010, 'music_video', NULL, 4.20, 377, 1, 0, 0),
  (41, 1, 'Bound 2', 2013, 'music_video', NULL, 3.54, 381, 2, 0, 0),
  (42, 1, '24', 2021, 'music_video', NULL, 4.13, 392, 0, 0, 0),
  (43, 1, 'Cousins', 2025, 'music_video', 'Ye', 3.36, 314, 15, 0, 0),
  (44, 1, 'HH (Hooligan Version)', 2025, 'music_video', 'Ye', 1.62, 186, 5, 0, 0),
  (45, 1, 'Father', 2026, 'music_video', 'Ye', 3.84, 96, 2, 0, 0),
  (46, 1, 'Welcome to Kanye''s Soul Mix Show', 2006, 'dj_mix', 'Kanye West and DJ A-Trak', 3.82, 284, 2, 0, 0),
  (47, 1, 'Man on the Moon: The End of Day', 2009, 'appears_on', 'Kid Cudi', 3.66, 21212, 139, 9, 0),
  (48, 1, 'Cherry Bomb', 2015, 'appears_on', 'Tyler, The Creator', 2.98, 28976, 216, 13, 0),
  (49, 1, 'At.Long.Last.ASAP', 2015, 'appears_on', 'A$AP Rocky', 3.44, 16603, 84, 5, 0),
  (50, 1, 'Rodeo', 2015, 'appears_on', 'Travis Scott', 3.87, 38177, 253, 7, 0),
  (51, 1, 'Daytona', 2018, 'appears_on', 'Pusha T', 3.84, 33385, 188, 5, 0),
  (52, 1, 'Thriller 40', 2022, 'appears_on', 'Michael Jackson', 3.84, 54, 2, 0, 0),
  (53, 1, 'Now That''s What I Call Music! 27', 2008, 'compilation', NULL, 2.44, 35, 0, 0, 0),
  (54, 1, 'NOW 69', 2008, 'compilation', NULL, 2.54, 46, 1, 0, 0),
  (55, 1, 'The Bling Ring', 2013, 'compilation', 'Motion Picture Soundtrack', 3.38, 92, 0, 0, 0),
  (56, 1, 'We Major / Drive Slow', 2005, 'bootleg', NULL, 4.16, 906, 2, 0, 0),
  (57, 1, '808s and Heartbreak: Live at Hollywood Bowl', 2016, 'bootleg', NULL, 4.17, 1432, 16, 0, 0),
  (58, 1, 'Yandhi', 2019, 'bootleg', NULL, 3.56, 3230, 27, 17, 0),
  (59, 1, 'War', 2025, 'bootleg', 'Kanye West and James Blake', 3.49, 112, 4, 0, 0),
  (60, 1, 'Kanye West VH1 Storytellers', 2010, 'video', NULL, 3.25, 189, 3, 0, 0),
  (61, 1, 'Free Larry Hoover Benefit Concert', 2021, 'video', 'Kanye West and Drake', 3.96, 186, 1, 0, 0),
  (62, 1, 'Donda Experience Performance', 2022, 'video', NULL, 2.07, 393, 16, 0, 0),
  (63, 1, 'YE TY$ KOREA', 2024, 'video', 'YE and TY$', 3.32, 19, 0, 0, 0),
  (64, 1, '"College Dropout" Instrumentals', 2005, 'additional', NULL, 3.90, 201, 0, 0, 0),
  (65, 1, 'Carnival (Instrumental)', 2024, 'additional', 'YS', 2.24, 139, 1, 0, 0),
  (66, 1, 'Carnival (Hooligans Version)', 2024, 'additional', 'YS', 0.91, 123, 1, 0, 0),
  (67, 1, 'Bully (Sampler)', 2025, 'additional', 'Ye', 1.75, 954, 26, 0, 0);

INSERT IGNORE INTO album_tracks
  (id, album_id, title, track_order, popularity_score, listeners_k, has_lyrics)
VALUES
  (1, 34, 'Runaway', 1, 4.6, 12000, 1),
  (2, 31, 'Power', 1, 4.6, 11000, 1),
  (3, 35, 'All of the Lights', 1, 4.4, 11000, 1),
  (4, 33, 'Devil in a New Dress', 1, 4.5, 11000, 1),
  (5, 5, 'Dark Fantasy', 1, 4.4, 11000, 1),
  (6, 32, 'Monster', 1, 4.2, 11000, 1),
  (7, 5, 'Gorgeous', 6, 4.2, 11000, 1),
  (8, 5, 'So Appalled', 9, 3.9, 11000, 1),
  (9, 5, 'Hell of a Life', 10, 3.9, 11000, 1),
  (10, 5, 'Lost in the World', 11, 4.2, 11000, 1),
  (11, 5, 'Blame Game', 7, 3.7, 11000, 1),
  (12, 36, 'Black Skinhead', 1, 4.4, 9000, 1),
  (13, 7, 'On Sight', 1, 4.3, 8000, 1),
  (14, 41, 'Bound 2', 1, 4.4, 8000, 1),
  (15, 7, 'New Slaves', 3, 4.4, 8000, 1),
  (16, 28, 'Through the Wire', 1, 4.2, 7900, 1),
  (17, 29, 'Stronger', 1, 4.0, 8200, 1),
  (18, 30, 'Flashing Lights', 1, 4.2, 8100, 1),
  (19, 37, 'No More Parties in L.A.', 1, 4.2, 7800, 1),
  (20, 39, 'Life of the Party', 1, 4.1, 7600, 1);

INSERT IGNORE INTO artists
  (id, name, birth_date, birth_location, current_location, work_location, notes, followers)
VALUES
  (11, 'Tyler, The Creator', '1991-03-06', 'Hawthorne, CA, United States', 'Bel Air, CA, United States', 'Los Angeles, CA, United States', 'Rapper, singer, producer, and designer. Founder of Odd Future and Golf Wang.', 108951),
  (12, 'Frank Ocean', '1987-10-28', 'Long Beach, CA, United States', 'Manhattan, NY, United States', 'New York, NY, United States', 'Singer, songwriter, and producer. Founder of Blonded and Boys Don''t Cry.', 80209),
  (13, 'Playboi Carti', '1995-09-13', 'Atlanta, GA, United States', 'Atlanta, GA, United States', 'Atlanta, GA, United States', 'Rapper, singer, and founder of Opium. Known for an experimental trap sound.', 48020);

INSERT IGNORE INTO artist_aliases (artist_id, alias_name) VALUES
  (11, 'Tyler'),
  (11, 'Wolf Haley'),
  (11, 'Ace'),
  (11, 'Ace Creator'),
  (11, 'DJ Stank Daddy'),
  (12, 'Christopher Edwin Breaux'),
  (12, 'Christopher Francis Ocean'),
  (12, 'Lonny Breaux'),
  (12, 'Kellen the Criminal'),
  (13, 'Jordan Terrell Carter'),
  (13, '$ir Cartier'),
  (13, 'Carti'),
  (13, 'Cash Carti');

INSERT IGNORE INTO artist_memberships (artist_id, group_name) VALUES
  (11, 'EarlWolf'),
  (11, 'I Smell Panties'),
  (11, 'OFWGKTA'),
  (12, 'OFWGKTA'),
  (13, 'A$AP Mob'),
  (13, 'Awful Records'),
  (13, 'TFZ');

INSERT IGNORE INTO music_genres (id, name) VALUES
  (11, 'Hardcore Hip Hop'),
  (12, 'Neo-Soul'),
  (13, 'Contemporary RnB'),
  (14, 'Ambient Pop'),
  (15, 'Cloud Rap'),
  (16, 'Plugg'),
  (17, 'Rage'),
  (18, 'Alternative Hip Hop');

INSERT IGNORE INTO artist_genres (artist_id, genre_id) VALUES
  (11, 1),
  (11, 2),
  (11, 3),
  (11, 11),
  (11, 12),
  (11, 13),
  (11, 18),
  (12, 1),
  (12, 7),
  (12, 9),
  (12, 10),
  (12, 12),
  (12, 13),
  (12, 14),
  (13, 1),
  (13, 2),
  (13, 3),
  (13, 8),
  (13, 15),
  (13, 16),
  (13, 17);

INSERT IGNORE INTO artist_related (artist_id, related_artist_id) VALUES
  (11, 1),
  (11, 8),
  (11, 12),
  (11, 13),
  (12, 1),
  (12, 4),
  (12, 10),
  (12, 11),
  (13, 1),
  (13, 4),
  (13, 11),
  (13, 12);

INSERT IGNORE INTO albums
  (id, artist_id, title, release_year, release_type, collaborators, average_rating, ratings_count, reviews_count, issues_count, is_primary_discography)
VALUES
  (68, 11, 'Bastard', 2009, 'album', NULL, 2.91, 16120, 126, 2, 1),
  (69, 11, 'Goblin', 2011, 'album', NULL, 2.46, 26066, 246, 7, 1),
  (70, 11, 'Wolf', 2013, 'album', NULL, 3.38, 32592, 197, 9, 1),
  (71, 11, 'Cherry Bomb', 2015, 'album', NULL, 2.98, 28989, 216, 13, 1),
  (72, 11, 'Flower Boy', 2017, 'album', NULL, 3.90, 63629, 365, 8, 1),
  (73, 11, 'Igor', 2019, 'album', NULL, 4.12, 81985, 742, 12, 1),
  (74, 11, 'Call Me If You Get Lost', 2021, 'album', NULL, 3.78, 52013, 354, 9, 1),
  (75, 11, 'Chromakopia', 2024, 'album', NULL, 3.62, 36550, 380, 5, 1),
  (76, 11, 'Don''t Tap the Glass', 2025, 'album', NULL, 3.44, 23431, 285, 2, 1),
  (77, 11, 'Music Inspired by Illumination & Dr. Seuss'' The Grinch', 2018, 'ep', NULL, 2.66, 4977, 25, 1, 1),
  (78, 11, 'Yonkers', 2011, 'single', NULL, 3.74, 2565, 32, 1, 1),
  (79, 11, 'She', 2011, 'single', NULL, 3.66, 976, 2, 0, 1),
  (80, 11, 'Domo23', 2013, 'single', NULL, 3.02, 663, 5, 0, 1),
  (81, 11, 'Who Dat Boy / 911', 2017, 'single', 'Tyler, The Creator and A$AP Rocky', 3.93, 1814, 5, 1, 1),
  (82, 11, 'Okra', 2018, 'single', NULL, 3.63, 1838, 5, 0, 1),
  (83, 11, 'Lumberjack', 2021, 'single', NULL, 3.63, 1948, 10, 0, 1),
  (84, 11, 'Noid', 2024, 'single', NULL, 3.86, 1769, 13, 0, 1),
  (85, 11, 'Yonkers', 2011, 'music_video', NULL, 4.01, 429, 3, 0, 0),
  (86, 11, 'Earfquake', 2019, 'music_video', NULL, 4.09, 530, 27, 0, 0),
  (87, 11, 'Sorry Not Sorry', 2023, 'music_video', NULL, 4.28, 747, 5, 0, 0),
  (88, 11, 'Summer Camp Mix 2011', 2011, 'dj_mix', 'DJ Stank Daddy', 3.59, 22, 0, 0, 0),
  (89, 11, 'Summer Camp Mix 2012', 2012, 'dj_mix', 'DJ Stank Daddy', 3.70, 15, 0, 0, 0),
  (90, 11, 'Earl', 2010, 'appears_on', 'Earl Sweatshirt', 3.13, 9864, 80, 0, 0),
  (91, 11, 'Doris', 2013, 'appears_on', 'Earl Sweatshirt', 3.55, 22667, 105, 0, 0),
  (92, 12, 'Channel Orange', 2012, 'album', NULL, 3.87, 49049, 287, 7, 1),
  (93, 12, 'Blonde', 2016, 'album', NULL, 4.09, 68054, 620, 6, 1),
  (94, 12, 'Endless', 2018, 'album', NULL, 3.88, 16274, 75, 1, 1),
  (95, 12, 'Nostalgia, Ultra.', 2011, 'mixtape', NULL, 3.56, 12246, 75, 1, 1),
  (96, 12, 'Novacane', 2011, 'single', NULL, 3.92, 1789, 4, 0, 1),
  (97, 12, 'Swim Good', 2011, 'single', NULL, 3.78, 1158, 4, 0, 1),
  (98, 12, 'Thinkin Bout You', 2012, 'single', NULL, 4.03, 2128, 10, 0, 1),
  (99, 12, 'Pyramids', 2012, 'single', NULL, 4.28, 3119, 16, 0, 1),
  (100, 12, 'Lost', 2012, 'single', NULL, 4.03, 1295, 2, 0, 1),
  (101, 12, 'Nikes', 2016, 'single', NULL, 4.31, 340, 1, 0, 1),
  (102, 12, 'Chanel', 2017, 'single', NULL, 4.10, 4170, 12, 0, 1),
  (103, 12, 'DHL', 2019, 'single', NULL, 3.58, 2044, 5, 0, 1),
  (104, 12, 'In My Room', 2019, 'single', NULL, 3.66, 2012, 4, 0, 1),
  (105, 12, 'Cayendo', 2020, 'single', NULL, 3.59, 1131, 3, 0, 1),
  (106, 12, 'Dear April', 2020, 'single', NULL, 3.72, 1237, 2, 0, 1),
  (107, 12, 'Nikes', 2016, 'music_video', NULL, 4.31, 340, 1, 0, 0),
  (108, 12, 'Pyramids', 2012, 'music_video', NULL, 3.99, 49, 0, 0, 0),
  (109, 12, 'Lost', 2013, 'music_video', NULL, 3.76, 16, 0, 0, 0),
  (110, 12, 'The Lonny Breaux Collection', 2011, 'bootleg', NULL, 3.07, 325, 1, 0, 0),
  (111, 12, 'The Endless Sessions', 2016, 'bootleg', NULL, 3.75, 61, 1, 0, 0),
  (112, 12, 'channel ORANGE sampler', 2012, 'additional', NULL, 3.92, 75, 0, 0, 0),
  (113, 12, 'Watch the Throne', 2011, 'appears_on', 'Jay-Z and Kanye West', 3.11, 35104, 201, 9, 0),
  (114, 12, '4:44', 2017, 'appears_on', 'Jay-Z', 3.71, 17326, 103, 0, 0),
  (115, 13, 'Die Lit', 2018, 'album', NULL, 3.72, 39121, 316, 3, 1),
  (116, 13, 'Whole Lotta Red', 2020, 'album', NULL, 3.38, 34128, 371, 7, 1),
  (117, 13, 'Music', 2025, 'album', NULL, 2.75, 20340, 415, 14, 1),
  (118, 13, 'THC: The High Chronicals', 2011, 'mixtape', NULL, 2.44, 89, 1, 0, 1),
  (119, 13, 'Young Mi$fit', 2012, 'mixtape', NULL, 2.86, 606, 6, 0, 1),
  (120, 13, 'Playboi Carti', 2017, 'mixtape', NULL, 3.57, 22506, 109, 2, 1),
  (121, 13, 'Death in Tune', 2015, 'ep', NULL, 3.30, 467, 2, 0, 1),
  (122, 13, 'PLAYBOIFRE$H', 2016, 'ep', 'Playboi Carti and Chris Fresh', 3.25, 392, 2, 0, 1),
  (123, 13, 'YUNGXANHOE', 2014, 'single', NULL, 3.84, 1454, 7, 0, 1),
  (124, 13, 'Broke Boi', 2015, 'single', NULL, 3.75, 1245, 3, 0, 1),
  (125, 13, 'Magnolia', 2017, 'single', NULL, 3.88, 2264, 6, 0, 1),
  (126, 13, 'wokeuplikethis*', 2017, 'single', NULL, 3.84, 1130, 1, 0, 1),
  (127, 13, 'Shoota', 2018, 'single', 'Playboi Carti and Lil Uzi Vert', 3.80, 565, 1, 0, 1),
  (128, 13, 'R.I.P.', 2018, 'single', NULL, 3.70, 420, 1, 0, 1),
  (129, 13, 'Lean 4 Real', 2018, 'single', NULL, 3.65, 380, 1, 0, 1),
  (130, 13, 'Foreign', 2018, 'single', NULL, 3.55, 300, 1, 0, 1),
  (131, 13, 'Love Hurts', 2018, 'single', 'Playboi Carti and Travis Scott', 3.50, 260, 1, 0, 1),
  (132, 13, 'Rockstar Made', 2020, 'single', NULL, 3.92, 900, 4, 0, 1),
  (133, 13, 'Stop Breathing', 2020, 'single', NULL, 4.00, 1100, 5, 0, 1),
  (134, 13, 'Sky', 2020, 'single', NULL, 3.98, 1050, 4, 0, 1),
  (135, 13, 'Over', 2020, 'single', NULL, 3.90, 820, 3, 0, 1),
  (136, 13, 'ILoveUIHateU', 2020, 'single', NULL, 3.88, 790, 3, 0, 1),
  (137, 13, 'New Tank', 2020, 'single', NULL, 3.86, 760, 3, 0, 1),
  (138, 13, '@ Meh', 2020, 'single', NULL, 3.47, 2418, 9, 0, 1),
  (139, 13, 'All Red', 2024, 'single', NULL, 3.00, 1413, 19, 0, 1),
  (140, 13, 'Timeless', 2024, 'single', 'The Weeknd and Playboi Carti', 3.44, 1513, 8, 0, 1),
  (141, 13, 'Field Trip', 2024, 'single', 'YS, Playboi Carti and Don Toliver', 2.75, 326, 1, 0, 1),
  (142, 13, 'H00DBYAIR', 2023, 'music_video', NULL, 3.90, 749, 0, 0, 0),
  (143, 13, '2024', 2023, 'music_video', NULL, 3.98, 1197, 7, 0, 0),
  (144, 13, 'Some More', 2025, 'music_video', NULL, 3.46, 94, 0, 0, 0),
  (145, 13, 'Unreleased', 2016, 'bootleg', NULL, 3.94, 223, 1, 0, 0),
  (146, 13, 'In Abundance', 2016, 'bootleg', NULL, 3.45, 1778, 10, 0, 0),
  (147, 13, 'WLR Leaks and Beyond', 2019, 'bootleg', NULL, 3.98, 2130, 18, 0, 0),
  (148, 13, 'Utopia', 2023, 'appears_on', 'Travis Scott', 3.42, 24971, 289, 0, 0),
  (149, 13, 'We Don''t Trust You', 2024, 'appears_on', 'Future and Metro Boomin', 3.15, 10320, 86, 0, 0),
  (150, 13, 'Hurry Up Tomorrow', 2025, 'appears_on', 'The Weeknd', 3.39, 11816, 150, 0, 0);

INSERT IGNORE INTO album_tracks
  (id, album_id, title, track_order, popularity_score, listeners_k, has_lyrics)
VALUES
  (21, 73, 'Igor''s Theme', 1, 4.4, 9000, 1),
  (22, 73, 'Earfquake', 2, 4.6, 10000, 1),
  (23, 73, 'New Magic Wand', 3, 4.5, 9800, 1),
  (24, 73, 'Gone, Gone / Thank You', 4, 4.5, 8600, 1),
  (25, 72, 'See You Again', 5, 4.5, 9000, 1),
  (26, 72, 'Boredom', 7, 4.4, 5000, 1),
  (27, 73, 'Are We Still Friends?', 12, 4.4, 8500, 1),
  (28, 73, 'Running Out of Time', 6, 4.1, 8200, 1),
  (29, 81, 'Who Dat Boy', 1, 4.1, 6500, 1),
  (30, 82, 'Okra', 1, 4.0, 6100, 1),
  (31, 83, 'Lumberjack', 1, 4.3, 7000, 1),
  (32, 84, 'Noid', 1, 4.2, 5000, 1),
  (33, 78, 'Yonkers', 1, 4.2, 6200, 1),
  (34, 80, 'Domo23', 1, 4.0, 5500, 1),
  (35, 74, 'Corso', 1, 4.0, 6400, 1),
  (36, 93, 'Pink + White', 2, 4.5, 8000, 1),
  (37, 93, 'Nights', 4, 4.6, 8500, 1),
  (38, 93, 'Ivy', 3, 4.4, 8000, 1),
  (39, 93, 'Self Control', 7, 4.5, 7800, 1),
  (40, 93, 'White Ferrari', 8, 4.5, 7900, 1),
  (41, 93, 'Solo', 5, 4.3, 7600, 1),
  (42, 93, 'Seigfried', 12, 4.3, 7500, 1),
  (43, 93, 'Godspeed', 11, 4.2, 7400, 1),
  (44, 93, 'Pretty Sweet', 10, 4.0, 7000, 1),
  (45, 93, 'Futura Free', 17, 4.0, 6800, 1),
  (46, 92, 'Thinkin Bout You', 1, 4.4, 7800, 1),
  (47, 92, 'Pyramids', 3, 4.5, 7600, 1),
  (48, 96, 'Novacane', 1, 4.0, 6000, 1),
  (49, 97, 'Swim Good', 1, 3.8, 5600, 1),
  (50, 92, 'Lost', 8, 3.9, 5900, 1),
  (51, 93, 'Close to You', 13, 3.8, 5200, 1),
  (52, 93, 'Good Guy', 14, 3.7, 5000, 1),
  (53, 115, 'Rockstar Made', 1, 4.5, 9000, 1),
  (54, 115, 'Stop Breathing', 5, 4.6, 9500, 1),
  (55, 115, 'Sky', 7, 4.4, 8700, 1),
  (56, 115, 'Over', 9, 4.3, 8300, 1),
  (57, 115, 'ILoveUIHateU', 10, 4.2, 8100, 1),
  (58, 115, 'New Tank', 11, 4.2, 8000, 1),
  (59, 114, 'Magnolia', 4, 4.4, 10000, 1),
  (60, 114, 'wokeuplikethis*', 2, 4.2, 9000, 1),
  (61, 114, 'Shoota', 6, 4.3, 8800, 1),
  (62, 114, 'R.I.P.', 8, 4.1, 7800, 1),
  (63, 114, 'Lean 4 Real', 9, 4.0, 7600, 1),
  (64, 114, 'Foreign', 13, 3.9, 7200, 1),
  (65, 114, 'Love Hurts', 14, 3.8, 7000, 1),
  (66, 138, '@ Meh', 1, 3.8, 6500, 1),
  (67, 139, 'All Red', 1, 4.0, 7000, 1),
  (68, 140, 'Timeless', 1, 4.1, 7200, 1),
  (69, 141, 'Field Trip', 1, 3.9, 6800, 1);
